First Name,Last Name,counrty,street
DAVID,LastNameC,bahrain,dartmouth
RICHARD,LastNameE,india,kent
WILLIAM,LastNameE,usa,kent
JOHN,LastNameC,usa,prince
DAVID,LastNameF,india,edward
CHARLES,LastNameB,brazil,south
RICHARD,LastNameB,brazil,dartmouth
WILLIAM,LastNameF,bahrain,south
ROBERT,LastNameC,uae,prince
JOSEPH,LastNameE,bahrain,kent
WILLIAM,LastNameC,bahrain,dartmouth
ROBERT,LastNameB,usa,kent
ROBERT,LastNameF,usa,prince
MICHAEL,LastNameE,bahrain,prince
JOHN,LastNameE,usa,kent
ROBERT,LastNameB,usa,edward
JOHN,LastNameB,usa,prince
WILLIAM,LastNameC,argentina,prince
WILLIAM,LastNameB,argentina,dartmouth
MICHAEL,LastNameB,argentina,south
First Name,Last Name,counrty,street
JOHN,LastNameB,argentina,south
MICHAEL,LastNameD,bahrain,edward
DAVID,LastNameD,india,prince
CHARLES,LastNameB,brazil,dartmouth
DAVID,LastNameD,argentina,edward
JOHN,LastNameF,columnbia,prince
RICHARD,LastNameF,india,dartmouth
WILLIAM,LastNameC,argentina,kent
ROBERT,LastNameE,argentina,south
JOSEPH,LastNameD,brazil,edward
WILLIAM,LastNameB,india,edward
JOHN,LastNameF,argentina,kent
JOSEPH,LastNameE,brazil,dartmouth
JOHN,LastNameE,india,edward
MICHAEL,LastNameB,brazil,edward
RICHARD,LastNameF,brazil,dartmouth
DAVID,LastNameB,brazil,kent
RICHARD,LastNameE,uae,edward
JOHN,LastNameF,argentina,dartmouth
DAVID,LastNameC,usa,south
